Func,runtime
insertPoints , 0.26215
findPointsRtree , 0.00126
insertPoints , 0.42005
findPointsRtree , 0.00145
insertPoints , 0.66739
findPointsRtree , 0.00178
insertPoints , 0.59105
findPointsRtree , 0.00056
insertPoints , 0.63272
findPointsRtree , 0.00053
insertPoints , 0.64856
findPointsRtree , 0.00054
insertPoints , 0.7301
findPointsRtree , 0.00124
insertPoints , 0.69535
findPointsRtree , 0.00106
insertPoints , 0.55857
findPointsRtree , 0.00057
insertPoints , 0.60691
findPointsRtree , 0.00064
insertPoints , 0.73566
findPointsRtree , 0.00058
insertPoints , 0.6539
findPointsRtree , 0.00058
insertPoints , 0.94807
findPointsRtree , 0.00063
insertPoints , 0.60388
findPointsRtree , 0.0009
insertPoints , 0.81866
findPointsRtree , 0.00053
insertPoints , 0.39881
findPointsRtree , 0.00058
insertPoints , 0.83809
findPointsRtree , 0.00055
insertPoints , 0.4646
findPointsRtree , 0.00059
insertPoints , 0.47087
findPointsRtree , 0.00087
insertPoints , 0.46965
findPointsRtree , 0.00061
insertPoints , 0.97367
findPointsRtree , 0.00063
insertPoints , 0.47877
findPointsRtree , 0.00066
insertPoints , 0.52958
findPointsRtree , 0.00061
insertPoints , 0.52494
findPointsRtree , 0.00068
insertPoints , 0.46939
findPointsRtree , 0.00056
insertPoints , 1.45427
findPointsRtree , 0.00076
insertPoints , 0.70059
findPointsRtree , 0.00119
insertPoints , 0.53619
findPointsRtree , 0.00062
insertPoints , 0.5069
findPointsRtree , 0.00062
insertPoints , 0.51343
findPointsRtree , 0.00063
insertPoints , 0.51055
findPointsRtree , 0.00057
insertPoints , 0.47425
findPointsRtree , 0.00081
insertPoints , 0.46311
findPointsRtree , 0.00056
insertPoints , 1.54509
findPointsRtree , 0.00074
insertPoints , 0.40875
findPointsRtree , 0.00115
insertPoints , 0.51522
findPointsRtree , 0.00157
insertPoints , 0.58535
findPointsRtree , 0.00136
insertPoints , 0.68657
findPointsRtree , 0.00067
insertPoints , 0.50338
findPointsRtree , 0.00055
insertPoints , 0.4822
findPointsRtree , 0.00059
insertPoints , 0.5034
findPointsRtree , 0.00071
insertPoints , 0.5633
findPointsRtree , 0.00066
insertPoints , 0.57784
findPointsRtree , 0.00082
insertPoints , 0.59188
findPointsRtree , 0.0009
insertPoints , 0.65428
findPointsRtree , 0.00076
insertPoints , 0.61599
findPointsRtree , 0.00076
insertPoints , 0.66824
findPointsRtree , 0.00073
insertPoints , 0.55474
findPointsRtree , 0.00058
insertPoints , 0.53183
findPointsRtree , 0.00061
insertPoints , 0.55082
findPointsRtree , 0.00062
insertPoints , 1.75555
findPointsRtree , 0.00078
insertPoints , 0.5635
findPointsRtree , 0.00073
insertPoints , 0.64487
findPointsRtree , 0.00066
insertPoints , 0.88993
findPointsRtree , 0.00147
insertPoints , 0.57374
findPointsRtree , 0.00062
insertPoints , 0.53998
findPointsRtree , 0.00063
insertPoints , 0.62668
findPointsRtree , 0.00133
insertPoints , 0.50593
findPointsRtree , 0.00111
insertPoints , 0.53706
findPointsRtree , 0.00084
insertPoints , 0.56643
findPointsRtree , 0.00129
insertPoints , 0.62476
findPointsRtree , 0.00146
insertPoints , 0.66154
findPointsRtree , 0.0007
insertPoints , 0.5673
findPointsRtree , 0.0008
insertPoints , 0.73469
findPointsRtree , 0.00055
insertPoints , 0.60556
findPointsRtree , 0.00059
insertPoints , 0.5753
findPointsRtree , 0.00061
insertPoints , 0.83251
findPointsRtree , 0.00065
insertPoints , 0.67158
findPointsRtree , 0.00096
insertPoints , 0.61703
findPointsRtree , 0.00108
insertPoints , 0.69237
findPointsRtree , 0.00057
insertPoints , 0.60027
findPointsRtree , 0.00061
insertPoints , 0.55005
findPointsRtree , 0.00059
insertPoints , 0.59457
findPointsRtree , 0.00158
insertPoints , 0.94769
findPointsRtree , 0.00063
insertPoints , 0.80725
findPointsRtree , 0.00082
insertPoints , 0.95181
findPointsRtree , 0.00069
insertPoints , 0.75165
findPointsRtree , 0.00053
insertPoints , 0.64091
findPointsRtree , 0.00053
insertPoints , 0.6992
findPointsRtree , 0.00068
insertPoints , 0.53941
findPointsRtree , 0.00057
insertPoints , 0.58615
findPointsRtree , 0.00109
insertPoints , 0.55421
findPointsRtree , 0.00064
insertPoints , 0.68938
findPointsRtree , 0.0006
insertPoints , 0.73484
findPointsRtree , 0.00098
insertPoints , 0.54874
findPointsRtree , 0.00059
insertPoints , 0.59087
findPointsRtree , 0.00133
insertPoints , 0.58964
findPointsRtree , 0.00061
insertPoints , 0.69072
findPointsRtree , 0.00067
insertPoints , 0.63956
findPointsRtree , 0.00071
insertPoints , 0.67679
findPointsRtree , 0.00082
insertPoints , 0.69383
findPointsRtree , 0.00069
insertPoints , 0.62339
findPointsRtree , 0.00059
insertPoints , 0.57866
findPointsRtree , 0.00091
insertPoints , 0.71297
findPointsRtree , 0.00053
insertPoints , 0.78006
findPointsRtree , 0.0005
insertPoints , 0.52269
findPointsRtree , 0.00102
insertPoints , 0.78441
findPointsRtree , 0.00066
insertPoints , 0.71737
findPointsRtree , 0.00058
insertPoints , 0.70217
findPointsRtree , 0.00058
insertPoints , 0.56523
findPointsRtree , 0.0006
insertPoints , 1.09294
findPointsRtree , 0.00051
insertPoints , 0.50078
findPointsRtree , 0.0008
insertPoints , 0.72338
findPointsRtree , 0.0008
insertPoints , 0.81819
findPointsRtree , 0.0011
insertPoints , 0.71362
findPointsRtree , 0.00056
insertPoints , 0.80834
findPointsRtree , 0.00066
insertPoints , 0.71096
findPointsRtree , 0.00062
insertPoints , 0.65263
findPointsRtree , 0.00058
insertPoints , 0.57678
findPointsRtree , 0.00059
insertPoints , 0.49713
findPointsRtree , 0.00065
insertPoints , 0.54823
findPointsRtree , 0.00067
insertPoints , 0.76189
findPointsRtree , 0.00153
insertPoints , 0.70331
findPointsRtree , 0.00069
insertPoints , 0.69329
findPointsRtree , 0.00175
insertPoints , 0.78165
findPointsRtree , 0.00061
insertPoints , 0.60477
findPointsRtree , 0.00114
insertPoints , 0.69707
findPointsRtree , 0.00127
insertPoints , 0.64939
findPointsRtree , 0.00151
insertPoints , 0.68142
findPointsRtree , 0.00083
insertPoints , 0.71394
findPointsRtree , 0.0006
insertPoints , 0.70189
findPointsRtree , 0.0006
insertPoints , 0.49724
findPointsRtree , 0.00064
insertPoints , 0.71765
findPointsRtree , 0.00059
insertPoints , 0.78561
findPointsRtree , 0.0006
insertPoints , 0.84333
findPointsRtree , 0.00167
insertPoints , 0.85857
findPointsRtree , 0.0007
insertPoints , 0.83219
findPointsRtree , 0.00071
insertPoints , 0.84566
findPointsRtree , 0.00072
insertPoints , 0.75489
findPointsRtree , 0.00065
insertPoints , 0.74123
findPointsRtree , 0.00086
insertPoints , 0.69777
findPointsRtree , 0.00144
insertPoints , 0.72677
findPointsRtree , 0.00172
insertPoints , 0.68226
findPointsRtree , 0.00058
insertPoints , 0.65734
findPointsRtree , 0.0014
insertPoints , 0.6632
findPointsRtree , 0.00082
insertPoints , 0.58603
findPointsRtree , 0.00062
insertPoints , 0.56187
findPointsRtree , 0.00053
insertPoints , 0.58079
findPointsRtree , 0.00059
insertPoints , 0.5759
findPointsRtree , 0.00107
insertPoints , 0.63664
findPointsRtree , 0.00109
insertPoints , 0.72901
findPointsRtree , 0.00061
insertPoints , 0.71734
findPointsRtree , 0.0007
insertPoints , 0.71039
findPointsRtree , 0.00136
insertPoints , 0.69358
findPointsRtree , 0.00059
insertPoints , 0.73611
findPointsRtree , 0.00069
insertPoints , 0.59543
findPointsRtree , 0.00124
insertPoints , 0.62811
findPointsRtree , 0.00073
insertPoints , 0.7482
findPointsRtree , 0.00108
insertPoints , 0.60251
findPointsRtree , 0.00053
insertPoints , 0.59242
findPointsRtree , 0.00059
insertPoints , 0.60759
findPointsRtree , 0.00098
insertPoints , 0.56407
findPointsRtree , 0.00053
insertPoints , 0.60455
findPointsRtree , 0.0006
insertPoints , 0.65718
findPointsRtree , 0.00101
insertPoints , 0.80668
findPointsRtree , 0.00072
insertPoints , 0.85803
findPointsRtree , 0.00088
insertPoints , 0.68191
findPointsRtree , 0.00062
insertPoints , 0.72006
findPointsRtree , 0.0014
insertPoints , 0.72526
findPointsRtree , 0.00069
insertPoints , 0.83937
findPointsRtree , 0.00066
insertPoints , 0.69263
findPointsRtree , 0.00072
insertPoints , 1.00962
findPointsRtree , 0.00063
insertPoints , 0.64476
findPointsRtree , 0.00052
insertPoints , 0.70481
findPointsRtree , 0.0006
insertPoints , 0.70558
findPointsRtree , 0.0006
insertPoints , 0.59055
findPointsRtree , 0.00061
insertPoints , 0.73796
findPointsRtree , 0.00077
insertPoints , 0.73864
findPointsRtree , 0.00062
insertPoints , 0.68815
findPointsRtree , 0.00083
insertPoints , 0.72606
findPointsRtree , 0.00058
insertPoints , 0.70327
findPointsRtree , 0.0006
insertPoints , 0.66524
findPointsRtree , 0.00068
insertPoints , 0.72005
findPointsRtree , 0.00069
insertPoints , 0.8717
findPointsRtree , 0.00065
insertPoints , 0.7657
findPointsRtree , 0.0013
insertPoints , 0.7039
findPointsRtree , 0.0007
insertPoints , 0.64013
findPointsRtree , 0.00063
insertPoints , 0.65845
findPointsRtree , 0.00062
insertPoints , 0.69686
findPointsRtree , 0.00076
insertPoints , 0.71472
findPointsRtree , 0.00063
insertPoints , 0.67774
findPointsRtree , 0.00068
insertPoints , 0.88065
findPointsRtree , 0.0007
insertPoints , 0.70445
findPointsRtree , 0.00079
insertPoints , 0.84207
findPointsRtree , 0.00192
insertPoints , 0.65861
findPointsRtree , 0.00057
insertPoints , 0.64075
findPointsRtree , 0.00062
insertPoints , 0.65524
findPointsRtree , 0.00069
insertPoints , 0.71724
findPointsRtree , 0.00066
insertPoints , 0.68602
findPointsRtree , 0.00067
insertPoints , 0.56887
findPointsRtree , 0.00101
insertPoints , 0.69626
findPointsRtree , 0.00062
insertPoints , 0.68435
findPointsRtree , 0.00077
insertPoints , 0.60163
findPointsRtree , 0.00153
insertPoints , 0.63651
findPointsRtree , 0.00065
insertPoints , 0.79402
findPointsRtree , 0.00065
insertPoints , 0.68603
findPointsRtree , 0.00072
insertPoints , 0.63305
findPointsRtree , 0.00065
insertPoints , 0.64971
findPointsRtree , 0.00065
insertPoints , 0.54028
findPointsRtree , 0.00109
insertPoints , 0.61468
findPointsRtree , 0.00074
insertPoints , 0.73444
findPointsRtree , 0.00066
insertPoints , 0.66146
findPointsRtree , 0.0006
insertPoints , 0.57612
findPointsRtree , 0.00057
insertPoints , 0.64862
findPointsRtree , 0.0017
insertPoints , 0.85576
findPointsRtree , 0.00172
insertPoints , 0.69282
findPointsRtree , 0.00067
insertPoints , 0.62882
findPointsRtree , 0.00067
insertPoints , 0.67375
findPointsRtree , 0.00069
insertPoints , 0.65553
findPointsRtree , 0.00162
insertPoints , 0.94543
findPointsRtree , 0.00134
insertPoints , 0.74069
findPointsRtree , 0.00067
insertPoints , 0.64392
findPointsRtree , 0.00071
insertPoints , 0.63247
findPointsRtree , 0.00073
insertPoints , 0.92364
findPointsRtree , 0.00077
insertPoints , 1.05454
findPointsRtree , 0.00077
insertPoints , 0.65792
findPointsRtree , 0.00065
insertPoints , 0.73726
findPointsRtree , 0.00157
insertPoints , 0.65784
findPointsRtree , 0.00078
insertPoints , 0.70116
findPointsRtree , 0.00073
insertPoints , 0.57239
findPointsRtree , 0.00303
insertPoints , 0.79305
findPointsRtree , 0.00063
insertPoints , 0.74133
findPointsRtree , 0.00073
insertPoints , 0.7296
findPointsRtree , 0.00065
insertPoints , 0.55513
findPointsRtree , 0.00066
insertPoints , 0.65988
findPointsRtree , 0.00079
insertPoints , 0.69502
findPointsRtree , 0.00115
insertPoints , 0.5563
findPointsRtree , 0.00061
insertPoints , 0.67673
findPointsRtree , 0.00068
insertPoints , 0.66648
findPointsRtree , 0.00072
insertPoints , 0.83682
findPointsRtree , 0.00113
insertPoints , 0.62543
findPointsRtree , 0.00079
insertPoints , 0.64866
findPointsRtree , 0.00093
insertPoints , 0.63674
findPointsRtree , 0.00068
insertPoints , 0.74152
findPointsRtree , 0.0007
insertPoints , 0.7901
findPointsRtree , 0.00079
insertPoints , 0.68888
findPointsRtree , 0.00142
insertPoints , 0.69545
findPointsRtree , 0.00081
insertPoints , 0.77893
findPointsRtree , 0.00084
insertPoints , 0.75763
findPointsRtree , 0.00078
insertPoints , 0.76673
findPointsRtree , 0.0018
insertPoints , 0.79615
findPointsRtree , 0.00078
insertPoints , 0.76086
findPointsRtree , 0.00065
insertPoints , 0.74991
findPointsRtree , 0.00086
insertPoints , 0.71174
findPointsRtree , 0.00137
insertPoints , 0.73616
findPointsRtree , 0.00061
insertPoints , 0.68914
findPointsRtree , 0.00092
insertPoints , 0.60231
findPointsRtree , 0.0007
insertPoints , 0.58373
findPointsRtree , 0.00058
insertPoints , 0.66838
findPointsRtree , 0.00064
insertPoints , 0.63939
findPointsRtree , 0.00085
insertPoints , 0.68096
findPointsRtree , 0.00062
insertPoints , 0.75844
findPointsRtree , 0.00063
insertPoints , 0.68236
findPointsRtree , 0.00064
insertPoints , 0.86579
findPointsRtree , 0.00112
insertPoints , 0.73472
findPointsRtree , 0.00065
insertPoints , 0.61306
findPointsRtree , 0.00066
insertPoints , 0.67847
findPointsRtree , 0.00066
insertPoints , 0.57834
findPointsRtree , 0.00061
insertPoints , 0.60732
findPointsRtree , 0.00068
insertPoints , 0.50543
findPointsRtree , 0.00069
insertPoints , 0.62824
findPointsRtree , 0.00101
insertPoints , 0.62841
findPointsRtree , 0.00139
insertPoints , 0.6077
findPointsRtree , 0.0006
insertPoints , 0.61331
findPointsRtree , 0.0006
insertPoints , 0.54288
findPointsRtree , 0.00059
insertPoints , 0.62113
findPointsRtree , 0.00064
insertPoints , 0.6506
findPointsRtree , 0.00076
insertPoints , 0.66298
findPointsRtree , 0.00086
insertPoints , 0.68425
findPointsRtree , 0.00067
insertPoints , 0.68
findPointsRtree , 0.00073
insertPoints , 0.62693
findPointsRtree , 0.0007
insertPoints , 0.73119
findPointsRtree , 0.00067
insertPoints , 0.63721
findPointsRtree , 0.0007
insertPoints , 0.64168
findPointsRtree , 0.00059
insertPoints , 0.65078
findPointsRtree , 0.00063
insertPoints , 0.6956
findPointsRtree , 0.00084
insertPoints , 0.6969
findPointsRtree , 0.00074
insertPoints , 0.67065
findPointsRtree , 0.00066
insertPoints , 0.64297
findPointsRtree , 0.00068
insertPoints , 0.60944
findPointsRtree , 0.00062
insertPoints , 0.54382
findPointsRtree , 0.00061
insertPoints , 0.65978
findPointsRtree , 0.00062
insertPoints , 0.7065
findPointsRtree , 0.00061
insertPoints , 0.76669
findPointsRtree , 0.00083
insertPoints , 0.6834
findPointsRtree , 0.00079
insertPoints , 0.68185
findPointsRtree , 0.00061
insertPoints , 0.65096
findPointsRtree , 0.0006
insertPoints , 0.54173
findPointsRtree , 0.00073
insertPoints , 0.65752
findPointsRtree , 0.0006
insertPoints , 0.61543
findPointsRtree , 0.00065
insertPoints , 0.60294
findPointsRtree , 0.00061
insertPoints , 0.63252
findPointsRtree , 0.00084
insertPoints , 0.55985
findPointsRtree , 0.00074
insertPoints , 0.58628
findPointsRtree , 0.00087
insertPoints , 0.62351
findPointsRtree , 0.0007
insertPoints , 0.59926
findPointsRtree , 0.00063
insertPoints , 0.6603
findPointsRtree , 0.00067
insertPoints , 0.55096
findPointsRtree , 0.00097
insertPoints , 0.59372
findPointsRtree , 0.00061
insertPoints , 0.66544
findPointsRtree , 0.00069
insertPoints , 0.53906
findPointsRtree , 0.00094
insertPoints , 0.67558
findPointsRtree , 0.00061
insertPoints , 0.67896
findPointsRtree , 0.00075
insertPoints , 0.5506
findPointsRtree , 0.00067
insertPoints , 0.59642
findPointsRtree , 0.00064
insertPoints , 0.57289
findPointsRtree , 0.00061
insertPoints , 0.58133
findPointsRtree , 0.0006
insertPoints , 0.5718
findPointsRtree , 0.00068
insertPoints , 0.65749
findPointsRtree , 0.00062
insertPoints , 0.62023
findPointsRtree , 0.0006
insertPoints , 0.53858
findPointsRtree , 0.00071
insertPoints , 0.61648
findPointsRtree , 0.00065
insertPoints , 0.5579
findPointsRtree , 0.00068
insertPoints , 0.62984
findPointsRtree , 0.00063
insertPoints , 0.63813
findPointsRtree , 0.00064
insertPoints , 0.61237
findPointsRtree , 0.0007
insertPoints , 0.66843
findPointsRtree , 0.0007
insertPoints , 0.72718
findPointsRtree , 0.0007
insertPoints , 0.71102
findPointsRtree , 0.00088
insertPoints , 0.68614
findPointsRtree , 0.00068
insertPoints , 0.58234
findPointsRtree , 0.00122
insertPoints , 0.57638
findPointsRtree , 0.00075
insertPoints , 0.81198
findPointsRtree , 0.00086
insertPoints , 0.74539
findPointsRtree , 0.0007
insertPoints , 0.63211
findPointsRtree , 0.00087
insertPoints , 0.61191
findPointsRtree , 0.00065
insertPoints , 0.6431
findPointsRtree , 0.00071
insertPoints , 0.6195
findPointsRtree , 0.00117
insertPoints , 0.73699
findPointsRtree , 0.00065
insertPoints , 0.664
findPointsRtree , 0.00069
insertPoints , 0.61603
findPointsRtree , 0.00139
insertPoints , 0.59381
findPointsRtree , 0.0006
insertPoints , 0.65993
findPointsRtree , 0.00067
insertPoints , 0.59669
findPointsRtree , 0.00061
insertPoints , 0.60792
findPointsRtree , 0.00072
insertPoints , 0.641
findPointsRtree , 0.00074
insertPoints , 0.58619
findPointsRtree , 0.00066
insertPoints , 0.68101
findPointsRtree , 0.00061
insertPoints , 0.74605
findPointsRtree , 0.0006
insertPoints , 0.63696
findPointsRtree , 0.00062
insertPoints , 0.57177
findPointsRtree , 0.00067
insertPoints , 0.52956
findPointsRtree , 0.00096
insertPoints , 0.71429
findPointsRtree , 0.00061
insertPoints , 0.62818
findPointsRtree , 0.00064
insertPoints , 0.69495
findPointsRtree , 0.00064
insertPoints , 0.70704
findPointsRtree , 0.00062
insertPoints , 0.63993
findPointsRtree , 0.00123
insertPoints , 0.61264
findPointsRtree , 0.00064
insertPoints , 0.64692
findPointsRtree , 0.00067
insertPoints , 0.66453
findPointsRtree , 0.00158
insertPoints , 0.63031
findPointsRtree , 0.00064
insertPoints , 0.58811
findPointsRtree , 0.00066
insertPoints , 0.58801
findPointsRtree , 0.00145
insertPoints , 0.59138
findPointsRtree , 0.00069
insertPoints , 0.70016
findPointsRtree , 0.00076
insertPoints , 0.58314
findPointsRtree , 0.00061
insertPoints , 0.70332
findPointsRtree , 0.00064
insertPoints , 0.70499
findPointsRtree , 0.00069
insertPoints , 0.63
findPointsRtree , 0.00063
insertPoints , 0.64708
findPointsRtree , 0.00066
insertPoints , 0.63628
findPointsRtree , 0.00129
insertPoints , 0.60604
findPointsRtree , 0.00062
insertPoints , 0.67184
findPointsRtree , 0.00069
insertPoints , 0.66832
findPointsRtree , 0.00073
insertPoints , 0.64213
findPointsRtree , 0.00061
insertPoints , 0.6864
findPointsRtree , 0.0007
insertPoints , 0.69605
findPointsRtree , 0.00074
insertPoints , 0.58828
findPointsRtree , 0.00064
insertPoints , 0.61985
findPointsRtree , 0.00069
insertPoints , 0.7108
findPointsRtree , 0.00078
insertPoints , 0.65751
findPointsRtree , 0.00061
insertPoints , 0.70321
findPointsRtree , 0.00069
insertPoints , 0.63353
findPointsRtree , 0.0008
insertPoints , 0.59083
findPointsRtree , 0.00073
insertPoints , 0.67093
findPointsRtree , 0.00067
insertPoints , 0.64131
findPointsRtree , 0.00151
insertPoints , 0.63223
findPointsRtree , 0.00081
insertPoints , 0.6065
findPointsRtree , 0.00076
insertPoints , 0.68951
findPointsRtree , 0.00069
insertPoints , 0.60613
findPointsRtree , 0.00072
insertPoints , 0.70787
findPointsRtree , 0.00069
insertPoints , 0.65015
findPointsRtree , 0.00071
insertPoints , 0.67541
findPointsRtree , 0.00072
insertPoints , 0.7509
findPointsRtree , 0.00066
insertPoints , 0.62936
findPointsRtree , 0.00078
insertPoints , 0.71904
findPointsRtree , 0.0007
insertPoints , 0.69539
findPointsRtree , 0.0007
insertPoints , 0.55921
findPointsRtree , 0.00066
insertPoints , 0.6028
findPointsRtree , 0.00061
insertPoints , 0.71142
findPointsRtree , 0.00073
insertPoints , 0.64968
findPointsRtree , 0.00099
insertPoints , 0.59245
findPointsRtree , 0.00071
insertPoints , 0.76674
findPointsRtree , 0.00077
insertPoints , 0.67921
findPointsRtree , 0.00076
insertPoints , 0.64773
findPointsRtree , 0.00062
insertPoints , 0.81015
findPointsRtree , 0.00065
insertPoints , 0.64885
findPointsRtree , 0.00071
insertPoints , 0.557
findPointsRtree , 0.00065
insertPoints , 0.67694
findPointsRtree , 0.00073
insertPoints , 0.8312
findPointsRtree , 0.00078
insertPoints , 0.59215
findPointsRtree , 0.00065
insertPoints , 0.55102
findPointsRtree , 0.00064
insertPoints , 0.48721
findPointsRtree , 0.00071
insertPoints , 0.69075
findPointsRtree , 0.00062
insertPoints , 0.69132
findPointsRtree , 0.00073
insertPoints , 0.6409
findPointsRtree , 0.00073
insertPoints , 0.58962
findPointsRtree , 0.00082
insertPoints , 0.65223
findPointsRtree , 0.00181
insertPoints , 0.77717
findPointsRtree , 0.00062
insertPoints , 0.69308
findPointsRtree , 0.00064
insertPoints , 0.68121
findPointsRtree , 0.0007
insertPoints , 0.63181
findPointsRtree , 0.00086
insertPoints , 0.65869
findPointsRtree , 0.00067
insertPoints , 0.61052
findPointsRtree , 0.00072
insertPoints , 0.58168
findPointsRtree , 0.00068
insertPoints , 0.64692
findPointsRtree , 0.00085
insertPoints , 0.60501
findPointsRtree , 0.00074
insertPoints , 0.66981
findPointsRtree , 0.00093
insertPoints , 0.65984
findPointsRtree , 0.00072
insertPoints , 0.80899
findPointsRtree , 0.00082
insertPoints , 0.66497
findPointsRtree , 0.00071
insertPoints , 0.61006
findPointsRtree , 0.00087
insertPoints , 0.6046
findPointsRtree , 0.00067
insertPoints , 0.6924
findPointsRtree , 0.0007
insertPoints , 0.65302
findPointsRtree , 0.00067
insertPoints , 0.56375
findPointsRtree , 0.00066
insertPoints , 0.63655
findPointsRtree , 0.00063
insertPoints , 0.49609
findPointsRtree , 0.00078
insertPoints , 0.62611
findPointsRtree , 0.00064
insertPoints , 0.65716
findPointsRtree , 0.00065
insertPoints , 0.74688
findPointsRtree , 0.00123
insertPoints , 0.70942
findPointsRtree , 0.00072
insertPoints , 0.73625
findPointsRtree , 0.00103
insertPoints , 0.99445
findPointsRtree , 0.00109
insertPoints , 0.73781
findPointsRtree , 0.00114
insertPoints , 0.97278
findPointsRtree , 0.0023
insertPoints , 0.86898
findPointsRtree , 0.00097
insertPoints , 0.78269
findPointsRtree , 0.00084
insertPoints , 0.744
findPointsRtree , 0.00079
insertPoints , 0.84012
findPointsRtree , 0.00074
insertPoints , 0.60637
findPointsRtree , 0.00118
insertPoints , 0.63159
findPointsRtree , 0.00075
insertPoints , 0.69957
findPointsRtree , 0.0008
insertPoints , 0.68087
findPointsRtree , 0.00089
insertPoints , 0.69585
findPointsRtree , 0.0008
insertPoints , 0.68583
findPointsRtree , 0.00088
insertPoints , 0.65066
findPointsRtree , 0.00074
insertPoints , 0.65423
findPointsRtree , 0.00075
insertPoints , 0.67238
findPointsRtree , 0.00084
insertPoints , 0.77672
findPointsRtree , 0.00082
insertPoints , 0.75397
findPointsRtree , 0.00076
insertPoints , 0.68266
findPointsRtree , 0.00107
insertPoints , 0.66265
findPointsRtree , 0.00123
insertPoints , 0.91018
findPointsRtree , 0.00297
insertPoints , 0.96174
findPointsRtree , 0.00177
insertPoints , 1.25429
findPointsRtree , 0.00159
insertPoints , 1.00907
findPointsRtree , 0.00102
insertPoints , 0.90213
findPointsRtree , 0.00107
insertPoints , 0.72076
findPointsRtree , 0.00095
insertPoints , 0.8031
findPointsRtree , 0.00093
insertPoints , 0.98752
findPointsRtree , 0.0008
insertPoints , 0.69901
findPointsRtree , 0.00071
insertPoints , 0.5703
findPointsRtree , 0.00077
insertPoints , 0.62392
findPointsRtree , 0.00069
insertPoints , 0.77608
findPointsRtree , 0.00071
insertPoints , 0.6501
findPointsRtree , 0.00077
insertPoints , 0.57722
findPointsRtree , 0.00079
insertPoints , 0.6279
findPointsRtree , 0.00072
insertPoints , 0.53937
findPointsRtree , 0.00074
insertPoints , 0.71863
findPointsRtree , 0.0008
insertPoints , 0.68736
findPointsRtree , 0.00078
insertPoints , 0.75819
findPointsRtree , 0.00077
insertPoints , 0.61887
findPointsRtree , 0.00155
insertPoints , 0.72236
findPointsRtree , 0.0007
insertPoints , 0.60525
findPointsRtree , 0.00083
insertPoints , 0.64077
findPointsRtree , 0.00072
insertPoints , 0.61885
findPointsRtree , 0.00083
insertPoints , 0.7991
findPointsRtree , 0.00154
insertPoints , 0.84892
findPointsRtree , 0.00141
insertPoints , 0.8414
findPointsRtree , 0.00073
insertPoints , 0.77756
findPointsRtree , 0.00074
insertPoints , 0.66394
findPointsRtree , 0.00076
insertPoints , 0.59942
findPointsRtree , 0.00072
insertPoints , 0.69848
findPointsRtree , 0.00078
insertPoints , 0.69123
findPointsRtree , 0.00078
insertPoints , 0.60974
findPointsRtree , 0.00073
insertPoints , 0.70433
findPointsRtree , 0.00069
insertPoints , 0.75528
findPointsRtree , 0.00088
insertPoints , 0.56918
findPointsRtree , 0.00062
insertPoints , 0.73338
findPointsRtree , 0.00082
insertPoints , 0.81396
findPointsRtree , 0.0008
insertPoints , 0.85692
findPointsRtree , 0.00182
insertPoints , 0.7283
findPointsRtree , 0.00113
insertPoints , 0.67902
findPointsRtree , 0.00073
insertPoints , 0.62332
findPointsRtree , 0.00071
insertPoints , 0.53242
findPointsRtree , 0.00079
insertPoints , 0.69634
findPointsRtree , 0.00111
insertPoints , 0.82365
findPointsRtree , 0.00076
insertPoints , 0.70018
findPointsRtree , 0.00162
insertPoints , 0.67498
findPointsRtree , 0.00074
insertPoints , 0.77979
findPointsRtree , 0.00293
insertPoints , 0.85456
findPointsRtree , 0.00188
insertPoints , 0.82894
findPointsRtree , 0.00086
insertPoints , 0.83188
findPointsRtree , 0.00136
insertPoints , 0.72588
findPointsRtree , 0.00109
insertPoints , 0.86932
findPointsRtree , 0.00112
insertPoints , 0.60492
findPointsRtree , 0.00071
insertPoints , 0.64356
findPointsRtree , 0.0007
insertPoints , 0.5805
findPointsRtree , 0.00081
insertPoints , 0.67594
findPointsRtree , 0.00069
insertPoints , 0.75329
findPointsRtree , 0.00079
insertPoints , 0.69984
findPointsRtree , 0.00077
insertPoints , 0.68255
findPointsRtree , 0.0007
insertPoints , 0.59471
findPointsRtree , 0.00065
insertPoints , 0.67716
findPointsRtree , 0.00071
insertPoints , 0.63562
findPointsRtree , 0.00077
insertPoints , 0.57893
findPointsRtree , 0.00075
insertPoints , 0.74804
findPointsRtree , 0.00069
insertPoints , 0.70562
findPointsRtree , 0.00077
insertPoints , 0.81473
findPointsRtree , 0.00083
insertPoints , 0.69811
findPointsRtree , 0.0007
insertPoints , 0.72876
findPointsRtree , 0.00064
insertPoints , 0.63157
findPointsRtree , 0.00071
insertPoints , 0.54949
findPointsRtree , 0.00068
insertPoints , 0.57673
findPointsRtree , 0.00075
insertPoints , 0.64055
findPointsRtree , 0.00064
insertPoints , 0.65738
findPointsRtree , 0.0007
insertPoints , 0.67885
findPointsRtree , 0.00085
insertPoints , 0.58371
findPointsRtree , 0.00067
insertPoints , 0.61784
findPointsRtree , 0.0007
insertPoints , 0.60327
findPointsRtree , 0.00073
insertPoints , 0.68474
findPointsRtree , 0.00067
insertPoints , 0.7959
findPointsRtree , 0.00068
insertPoints , 0.72319
findPointsRtree , 0.00092
insertPoints , 0.95947
findPointsRtree , 0.00179
insertPoints , 0.90478
findPointsRtree , 0.00128
insertPoints , 0.72298
findPointsRtree , 0.0008
insertPoints , 0.75997
findPointsRtree , 0.00082
insertPoints , 0.82165
findPointsRtree , 0.0008
insertPoints , 1.13963
findPointsRtree , 0.00077
insertPoints , 0.74403
findPointsRtree , 0.00077
insertPoints , 0.84584
findPointsRtree , 0.00098
insertPoints , 0.60877
findPointsRtree , 0.001
insertPoints , 0.64505
findPointsRtree , 0.00075
insertPoints , 0.73222
findPointsRtree , 0.00077
insertPoints , 0.78338
findPointsRtree , 0.00191
insertPoints , 0.75977
findPointsRtree , 0.0008
insertPoints , 0.71512
findPointsRtree , 0.00083
insertPoints , 0.77512
findPointsRtree , 0.0009
insertPoints , 0.67567
findPointsRtree , 0.00074
insertPoints , 0.75541
findPointsRtree , 0.00135
insertPoints , 0.90294
findPointsRtree , 0.00119
insertPoints , 1.0743
findPointsRtree , 0.00092
insertPoints , 0.8777
findPointsRtree , 0.00086
insertPoints , 0.7388
findPointsRtree , 0.00079
insertPoints , 0.74362
findPointsRtree , 0.0018
insertPoints , 0.61619
findPointsRtree , 0.00072
insertPoints , 0.6987
findPointsRtree , 0.00071
insertPoints , 0.72336
findPointsRtree , 0.00082
insertPoints , 0.77187
findPointsRtree , 0.00075
insertPoints , 1.1242
findPointsRtree , 0.0014
insertPoints , 0.90157
findPointsRtree , 0.00153
insertPoints , 0.83969
findPointsRtree , 0.00089
insertPoints , 0.74899
findPointsRtree , 0.00086
insertPoints , 0.82584
findPointsRtree , 0.00076
insertPoints , 0.63263
findPointsRtree , 0.00094
insertPoints , 0.75762
findPointsRtree , 0.00072
insertPoints , 0.61965
findPointsRtree , 0.00081
insertPoints , 0.66547
findPointsRtree , 0.00076
insertPoints , 0.65698
findPointsRtree , 0.00078
insertPoints , 0.74566
findPointsRtree , 0.00152
insertPoints , 1.00175
findPointsRtree , 0.00109
insertPoints , 0.80257
findPointsRtree , 0.00084
insertPoints , 0.68138
findPointsRtree , 0.00073
insertPoints , 0.65743
findPointsRtree , 0.00072
insertPoints , 0.64304
findPointsRtree , 0.00112
insertPoints , 0.66228
findPointsRtree , 0.00073
insertPoints , 0.62058
findPointsRtree , 0.00069
insertPoints , 0.86497
findPointsRtree , 0.00082
insertPoints , 0.72052
findPointsRtree , 0.00077
insertPoints , 0.8947
findPointsRtree , 0.00084
insertPoints , 0.92415
findPointsRtree , 0.00093
insertPoints , 0.77289
findPointsRtree , 0.0007
insertPoints , 0.58659
findPointsRtree , 0.00153
insertPoints , 0.56509
findPointsRtree , 0.00477
insertPoints , 0.91898
findPointsRtree , 0.0009
insertPoints , 0.92272
findPointsRtree , 0.00332
insertPoints , 0.87429
findPointsRtree , 0.00082
insertPoints , 0.7199
findPointsRtree , 0.00114
insertPoints , 0.63774
findPointsRtree , 0.00074
insertPoints , 0.68553
findPointsRtree , 0.00069
insertPoints , 0.74155
findPointsRtree , 0.00074
insertPoints , 0.79415
findPointsRtree , 0.00203
insertPoints , 0.80278
findPointsRtree , 0.00075
insertPoints , 0.71409
findPointsRtree , 0.00072
insertPoints , 0.62161
findPointsRtree , 0.00101
insertPoints , 0.56739
findPointsRtree , 0.00066
insertPoints , 0.68061
findPointsRtree , 0.0016
insertPoints , 0.90239
findPointsRtree , 0.00086
insertPoints , 0.77121
findPointsRtree , 0.00091
insertPoints , 0.81943
findPointsRtree , 0.00068
insertPoints , 0.70815
findPointsRtree , 0.00071
insertPoints , 0.61928
findPointsRtree , 0.00071
insertPoints , 0.58681
findPointsRtree , 0.00064
insertPoints , 0.60434
findPointsRtree , 0.0008
insertPoints , 0.78261
findPointsRtree , 0.00082
insertPoints , 0.73264
findPointsRtree , 0.00076
insertPoints , 0.76312
findPointsRtree , 0.00079
insertPoints , 0.78449
findPointsRtree , 0.00075
insertPoints , 0.69108
findPointsRtree , 0.00073
insertPoints , 0.64872
findPointsRtree , 0.0007
insertPoints , 0.69664
findPointsRtree , 0.00061
insertPoints , 0.69864
findPointsRtree , 0.00071
insertPoints , 0.72727
findPointsRtree , 0.00069
insertPoints , 0.58891
findPointsRtree , 0.00063
insertPoints , 0.61937
findPointsRtree , 0.00098
insertPoints , 0.57536
findPointsRtree , 0.00076
insertPoints , 0.71291
findPointsRtree , 0.00072
insertPoints , 0.81254
findPointsRtree , 0.00096
insertPoints , 0.77766
findPointsRtree , 0.00279
insertPoints , 0.76635
findPointsRtree , 0.0008
insertPoints , 0.7294
findPointsRtree , 0.00105
insertPoints , 0.73235
findPointsRtree , 0.00072
insertPoints , 0.56899
findPointsRtree , 0.00071
insertPoints , 0.59669
findPointsRtree , 0.00065
insertPoints , 0.58739
findPointsRtree , 0.0017
insertPoints , 0.62523
findPointsRtree , 0.00073
insertPoints , 0.75667
findPointsRtree , 0.00074
insertPoints , 0.58594
findPointsRtree , 0.00138
insertPoints , 0.59084
findPointsRtree , 0.00072
insertPoints , 0.62098
findPointsRtree , 0.00072
insertPoints , 0.58878
findPointsRtree , 0.00065
insertPoints , 0.72252
findPointsRtree , 0.00066
insertPoints , 0.64845
findPointsRtree , 0.00062
insertPoints , 0.55024
findPointsRtree , 0.00061
insertPoints , 0.59688
findPointsRtree , 0.00063
insertPoints , 0.60137
findPointsRtree , 0.00062
insertPoints , 0.61149
findPointsRtree , 0.00063
insertPoints , 0.58461
findPointsRtree , 0.00073
insertPoints , 0.66586
findPointsRtree , 0.00064
insertPoints , 0.64987
findPointsRtree , 0.00064
insertPoints , 0.64787
findPointsRtree , 0.00073
insertPoints , 0.68689
findPointsRtree , 0.0007
insertPoints , 0.72303
findPointsRtree , 0.00065
insertPoints , 0.63336
findPointsRtree , 0.00069
insertPoints , 0.55868
findPointsRtree , 0.00072
insertPoints , 0.5404
findPointsRtree , 0.00065
insertPoints , 0.56883
findPointsRtree , 0.00065
insertPoints , 0.62445
findPointsRtree , 0.00064
insertPoints , 0.4972
findPointsRtree , 0.0007
insertPoints , 0.55161
findPointsRtree , 0.00114
insertPoints , 0.6591
findPointsRtree , 0.00078
insertPoints , 0.71102
findPointsRtree , 0.00066
insertPoints , 0.88491
findPointsRtree , 0.00071
insertPoints , 0.69736
findPointsRtree , 0.00062
insertPoints , 0.6113
findPointsRtree , 0.00124
insertPoints , 0.65038
findPointsRtree , 0.00063
insertPoints , 0.60888
findPointsRtree , 0.00071
insertPoints , 0.62422
findPointsRtree , 0.00071
insertPoints , 0.69098
findPointsRtree , 0.00071
insertPoints , 0.64265
findPointsRtree , 0.00071
insertPoints , 0.71468
findPointsRtree , 0.00066
insertPoints , 0.65539
findPointsRtree , 0.00089
insertPoints , 0.64005
findPointsRtree , 0.00073
insertPoints , 0.56605
findPointsRtree , 0.00066
insertPoints , 0.55011
findPointsRtree , 0.00082
insertPoints , 0.72158
findPointsRtree , 0.0009
insertPoints , 0.80769
findPointsRtree , 0.0009
insertPoints , 0.7668
findPointsRtree , 0.00089
insertPoints , 0.78082
findPointsRtree , 0.0012
insertPoints , 0.81452
findPointsRtree , 0.00105
insertPoints , 0.63799
findPointsRtree , 0.00078
insertPoints , 0.78173
findPointsRtree , 0.00077
insertPoints , 0.73491
findPointsRtree , 0.00089
insertPoints , 0.64843
findPointsRtree , 0.00081
insertPoints , 0.67113
findPointsRtree , 0.00064
insertPoints , 0.61201
findPointsRtree , 0.00073
insertPoints , 0.53668
findPointsRtree , 0.00068
insertPoints , 0.61314
findPointsRtree , 0.00073
insertPoints , 0.74128
findPointsRtree , 0.00081
insertPoints , 0.80733
findPointsRtree , 0.00116
insertPoints , 0.93577
findPointsRtree , 0.00131
insertPoints , 0.67461
findPointsRtree , 0.00083
insertPoints , 0.69029
findPointsRtree , 0.00121
insertPoints , 0.66092
findPointsRtree , 0.00277
insertPoints , 0.76006
findPointsRtree , 0.00082
insertPoints , 0.81584
findPointsRtree , 0.00089
insertPoints , 0.58043
findPointsRtree , 0.00073
insertPoints , 0.75726
findPointsRtree , 0.00113
insertPoints , 0.64826
findPointsRtree , 0.00086
insertPoints , 0.68693
findPointsRtree , 0.00074
insertPoints , 0.64001
findPointsRtree , 0.00084
insertPoints , 0.70483
findPointsRtree , 0.00085
insertPoints , 0.70518
findPointsRtree , 0.00079
insertPoints , 0.68524
findPointsRtree , 0.0008
insertPoints , 0.6959
findPointsRtree , 0.00071
insertPoints , 0.64185
findPointsRtree , 0.00079
insertPoints , 0.68089
findPointsRtree , 0.00074
insertPoints , 0.76268
findPointsRtree , 0.00077
insertPoints , 0.70626
findPointsRtree , 0.00099
insertPoints , 0.8558
findPointsRtree , 0.0008
insertPoints , 0.84932
findPointsRtree , 0.00087
insertPoints , 0.75426
findPointsRtree , 0.00138
insertPoints , 0.71489
findPointsRtree , 0.00064
insertPoints , 0.76352
findPointsRtree , 0.00107
insertPoints , 0.72007
findPointsRtree , 0.00065
insertPoints , 0.61936
findPointsRtree , 0.00054
insertPoints , 0.57831
findPointsRtree , 0.00055
insertPoints , 0.56482
findPointsRtree , 0.00098
insertPoints , 0.69899
findPointsRtree , 0.00061
insertPoints , 0.64079
findPointsRtree , 0.0007
insertPoints , 0.5708
findPointsRtree , 0.0006
insertPoints , 0.72088
findPointsRtree , 0.00062
insertPoints , 0.77505
findPointsRtree , 0.00067
insertPoints , 0.84725
findPointsRtree , 0.00061
insertPoints , 0.67215
findPointsRtree , 0.00068
insertPoints , 0.76795
findPointsRtree , 0.0007
insertPoints , 0.75339
findPointsRtree , 0.00179
insertPoints , 0.7504
findPointsRtree , 0.00082
insertPoints , 0.65584
findPointsRtree , 0.00066
insertPoints , 0.72379
findPointsRtree , 0.0006
insertPoints , 0.68368
findPointsRtree , 0.00061
insertPoints , 0.73253
findPointsRtree , 0.0012
insertPoints , 0.73278
findPointsRtree , 0.0006
insertPoints , 0.63833
findPointsRtree , 0.00067
insertPoints , 0.73633
findPointsRtree , 0.00072
insertPoints , 0.69263
findPointsRtree , 0.00081
insertPoints , 0.78928
findPointsRtree , 0.00072
insertPoints , 0.77447
findPointsRtree , 0.00065
insertPoints , 0.65886
findPointsRtree , 0.00114
insertPoints , 0.63038
findPointsRtree , 0.00059
insertPoints , 0.71201
findPointsRtree , 0.00074
insertPoints , 0.54267
findPointsRtree , 0.00055
insertPoints , 0.62043
findPointsRtree , 0.00055
insertPoints , 0.63349
findPointsRtree , 0.00076
insertPoints , 0.633
findPointsRtree , 0.00058
insertPoints , 0.66218
findPointsRtree , 0.00068
insertPoints , 0.65702
findPointsRtree , 0.0006
insertPoints , 0.55918
findPointsRtree , 0.00056
insertPoints , 0.57319
findPointsRtree , 0.00059
insertPoints , 0.6236
findPointsRtree , 0.0006
insertPoints , 0.74159
findPointsRtree , 0.00072
insertPoints , 0.83901
findPointsRtree , 0.00064
insertPoints , 0.81635
findPointsRtree , 0.00126
insertPoints , 0.84773
findPointsRtree , 0.00077
insertPoints , 0.64282
findPointsRtree , 0.00072
insertPoints , 0.77316
findPointsRtree , 0.0007
insertPoints , 0.72141
findPointsRtree , 0.00065
insertPoints , 0.63985
findPointsRtree , 0.00063
insertPoints , 1.07029
findPointsRtree , 0.00074
insertPoints , 0.65523
findPointsRtree , 0.00065
insertPoints , 0.64248
findPointsRtree , 0.00064
insertPoints , 0.54263
findPointsRtree , 0.00056
insertPoints , 0.68435
findPointsRtree , 0.00062
insertPoints , 0.88955
findPointsRtree , 0.00107
insertPoints , 0.79416
findPointsRtree , 0.00124
insertPoints , 0.76116
findPointsRtree , 0.00087
insertPoints , 0.69626
findPointsRtree , 0.00066
insertPoints , 0.66866
findPointsRtree , 0.00061
insertPoints , 0.71124
findPointsRtree , 0.00066
insertPoints , 0.77138
findPointsRtree , 0.00093
insertPoints , 0.97423
findPointsRtree , 0.00247
insertPoints , 0.91611
findPointsRtree , 0.00078
insertPoints , 0.98747
findPointsRtree , 0.00084
insertPoints , 0.84959
findPointsRtree , 0.00063
insertPoints , 0.8035
findPointsRtree , 0.0007
insertPoints , 0.75339
findPointsRtree , 0.00089
insertPoints , 0.66069
findPointsRtree , 0.00058
insertPoints , 0.5955
findPointsRtree , 0.0006
insertPoints , 0.5628
findPointsRtree , 0.00081
insertPoints , 0.67421
findPointsRtree , 0.00065
insertPoints , 0.62788
findPointsRtree , 0.00065
insertPoints , 0.56678
findPointsRtree , 0.00057
insertPoints , 0.61731
findPointsRtree , 0.00071
insertPoints , 0.78049
findPointsRtree , 0.00071
insertPoints , 0.74464
findPointsRtree , 0.00102
insertPoints , 0.70411
findPointsRtree , 0.00068
insertPoints , 0.71336
findPointsRtree , 0.00066
insertPoints , 0.76971
findPointsRtree , 0.0008
insertPoints , 0.70775
findPointsRtree , 0.00069
insertPoints , 0.75181
findPointsRtree , 0.00067
insertPoints , 0.64902
findPointsRtree , 0.00064
insertPoints , 0.62799
findPointsRtree , 0.0006
insertPoints , 0.60346
findPointsRtree , 0.00062
insertPoints , 0.62182
findPointsRtree , 0.00064
insertPoints , 0.61975
findPointsRtree , 0.00066
insertPoints , 0.66699
findPointsRtree , 0.00068
insertPoints , 0.67741
findPointsRtree , 0.00087
insertPoints , 0.67673
findPointsRtree , 0.00066
insertPoints , 0.73403
findPointsRtree , 0.00071
insertPoints , 0.83082
findPointsRtree , 0.00137
insertPoints , 0.84099
findPointsRtree , 0.00201
insertPoints , 1.00676
findPointsRtree , 0.00191
insertPoints , 0.81606
findPointsRtree , 0.0014
insertPoints , 0.86662
findPointsRtree , 0.00072
insertPoints , 0.72751
findPointsRtree , 0.00067
insertPoints , 0.72623
findPointsRtree , 0.00067
insertPoints , 0.63139
findPointsRtree , 0.00091
insertPoints , 0.6911
findPointsRtree , 0.00072
insertPoints , 0.646
findPointsRtree , 0.00065
insertPoints , 0.74661
findPointsRtree , 0.00064
insertPoints , 0.65937
findPointsRtree , 0.00062
insertPoints , 0.81497
findPointsRtree , 0.0007
insertPoints , 0.90594
findPointsRtree , 0.00073
insertPoints , 0.77639
findPointsRtree , 0.00077
insertPoints , 0.77602
findPointsRtree , 0.00077
insertPoints , 0.54852
findPointsRtree , 0.00068
insertPoints , 0.65602
findPointsRtree , 0.00068
insertPoints , 0.66098
findPointsRtree , 0.00063
insertPoints , 0.71975
findPointsRtree , 0.00058
insertPoints , 0.85295
findPointsRtree , 0.00069
insertPoints , 0.66668
findPointsRtree , 0.00072
insertPoints , 0.75347
findPointsRtree , 0.00078
insertPoints , 0.71669
findPointsRtree , 0.00077
insertPoints , 0.95024
findPointsRtree , 0.00161
insertPoints , 1.14158
findPointsRtree , 0.00091
insertPoints , 0.91908
findPointsRtree , 0.00267
insertPoints , 0.91019
findPointsRtree , 0.0007
insertPoints , 0.75052
findPointsRtree , 0.00074
insertPoints , 0.70775
findPointsRtree , 0.00145
insertPoints , 0.78986
findPointsRtree , 0.00058
insertPoints , 0.82247
findPointsRtree , 0.00062
insertPoints , 0.79939
findPointsRtree , 0.00067
insertPoints , 0.774
findPointsRtree , 0.00213
insertPoints , 0.773
findPointsRtree , 0.00066
insertPoints , 0.7014
findPointsRtree , 0.00066
insertPoints , 0.8076
findPointsRtree , 0.00068
insertPoints , 0.86579
findPointsRtree , 0.00068
insertPoints , 0.81209
findPointsRtree , 0.00086
insertPoints , 0.75328
findPointsRtree , 0.00094
insertPoints , 0.86441
findPointsRtree , 0.00065
insertPoints , 0.76727
findPointsRtree , 0.00066
insertPoints , 0.72823
findPointsRtree , 0.00065
insertPoints , 0.67885
findPointsRtree , 0.00069
insertPoints , 0.66185
findPointsRtree , 0.00062
insertPoints , 0.70773
findPointsRtree , 0.0007
insertPoints , 0.73746
findPointsRtree , 0.00071
insertPoints , 0.67886
findPointsRtree , 0.00075
insertPoints , 0.70976
findPointsRtree , 0.00065
insertPoints , 0.73665
findPointsRtree , 0.00077
insertPoints , 0.64278
findPointsRtree , 0.00066
insertPoints , 0.81566
findPointsRtree , 0.0008
insertPoints , 0.67823
findPointsRtree , 0.00069
insertPoints , 0.68546
findPointsRtree , 0.00072
insertPoints , 0.69694
findPointsRtree , 0.0006
insertPoints , 0.61882
findPointsRtree , 0.00066
insertPoints , 0.60695
findPointsRtree , 0.00061
insertPoints , 0.65763
findPointsRtree , 0.00056
insertPoints , 0.69905
findPointsRtree , 0.00064
insertPoints , 0.61897
findPointsRtree , 0.00063
insertPoints , 0.79537
findPointsRtree , 0.00065
insertPoints , 0.76189
findPointsRtree , 0.0008
insertPoints , 0.68628
findPointsRtree , 0.00068
insertPoints , 0.82769
findPointsRtree , 0.00076
insertPoints , 0.73048
findPointsRtree , 0.00067
insertPoints , 0.81369
findPointsRtree , 0.00065
insertPoints , 0.69459
findPointsRtree , 0.00069
insertPoints , 0.70647
findPointsRtree , 0.00069
insertPoints , 0.70016
findPointsRtree , 0.00108
insertPoints , 0.73781
findPointsRtree , 0.00077
insertPoints , 0.64939
findPointsRtree , 0.00075
insertPoints , 0.75831
findPointsRtree , 0.00079
insertPoints , 1.06624
findPointsRtree , 0.00116
insertPoints , 0.92239
findPointsRtree , 0.00074
insertPoints , 0.84384
findPointsRtree , 0.00145
insertPoints , 0.67893
findPointsRtree , 0.00064
insertPoints , 0.52625
findPointsRtree , 0.0006
insertPoints , 0.62255
findPointsRtree , 0.0013
insertPoints , 0.827
findPointsRtree , 0.00092
insertPoints , 0.84152
findPointsRtree , 0.00082
insertPoints , 0.74518
findPointsRtree , 0.00061
insertPoints , 0.79188
findPointsRtree , 0.00059
insertPoints , 0.55567
findPointsRtree , 0.00057
insertPoints , 0.5777
findPointsRtree , 0.00064
insertPoints , 0.54282
findPointsRtree , 0.00059
insertPoints , 0.63979
findPointsRtree , 0.00066
insertPoints , 0.76575
findPointsRtree , 0.00061
insertPoints , 0.72842
findPointsRtree , 0.00068
insertPoints , 0.85975
findPointsRtree , 0.00074
insertPoints , 0.74043
findPointsRtree , 0.00076
insertPoints , 0.65916
findPointsRtree , 0.00079
insertPoints , 0.84659
findPointsRtree , 0.00064
insertPoints , 0.66424
findPointsRtree , 0.00064
insertPoints , 0.64295
findPointsRtree , 0.00076
insertPoints , 0.61962
findPointsRtree , 0.00058
insertPoints , 0.63721
findPointsRtree , 0.00107
insertPoints , 0.94597
findPointsRtree , 0.0015
insertPoints , 0.90378
findPointsRtree , 0.00208
insertPoints , 0.86005
findPointsRtree , 0.00071
insertPoints , 0.75636
findPointsRtree , 0.00068
insertPoints , 0.6706
findPointsRtree , 0.00066
insertPoints , 0.68967
findPointsRtree , 0.00068
insertPoints , 0.68861
findPointsRtree , 0.00063
insertPoints , 0.59783
findPointsRtree , 0.00066
insertPoints , 0.70256
findPointsRtree , 0.00119
insertPoints , 0.78951
findPointsRtree , 0.00079
insertPoints , 0.95996
findPointsRtree , 0.00085
insertPoints , 0.96092
findPointsRtree , 0.00077
insertPoints , 0.86276
findPointsRtree , 0.00088
insertPoints , 1.0258
findPointsRtree , 0.00078
insertPoints , 0.89514
findPointsRtree , 0.00108
insertPoints , 0.74386
findPointsRtree , 0.00074
insertPoints , 0.94895
findPointsRtree , 0.00105
insertPoints , 1.00538
findPointsRtree , 0.00093
insertPoints , 0.88229
findPointsRtree , 0.00162
insertPoints , 0.82681
findPointsRtree , 0.00082
insertPoints , 0.82911
findPointsRtree , 0.00111
insertPoints , 0.8428
findPointsRtree , 0.00071
insertPoints , 0.86982
findPointsRtree , 0.00073
insertPoints , 0.84292
findPointsRtree , 0.00172
insertPoints , 0.82184
findPointsRtree , 0.00076
insertPoints , 0.84352
findPointsRtree , 0.0008
insertPoints , 0.80801
findPointsRtree , 0.00068
insertPoints , 0.75021
findPointsRtree , 0.00069
insertPoints , 0.84304
findPointsRtree , 0.00073
insertPoints , 0.73961
findPointsRtree , 0.00072
insertPoints , 0.80019
findPointsRtree , 0.00077
insertPoints , 0.81219
findPointsRtree , 0.0008
insertPoints , 0.94691
findPointsRtree , 0.00075
insertPoints , 0.97021
findPointsRtree , 0.00112
insertPoints , 0.86408
findPointsRtree , 0.00076
insertPoints , 0.76978
findPointsRtree , 0.00173
insertPoints , 0.93544
findPointsRtree , 0.00077
insertPoints , 0.85106
findPointsRtree , 0.00241
insertPoints , 0.93036
findPointsRtree , 0.00271
insertPoints , 0.86331
findPointsRtree , 0.00107
insertPoints , 0.80529
findPointsRtree , 0.00131
insertPoints , 0.81356
findPointsRtree , 0.00183
insertPoints , 0.83782
findPointsRtree , 0.00104
insertPoints , 0.83241
findPointsRtree , 0.00103
insertPoints , 0.96357
findPointsRtree , 0.00131
insertPoints , 0.98476
findPointsRtree , 0.00151
insertPoints , 1.16534
findPointsRtree , 0.0013
insertPoints , 0.85308
findPointsRtree , 0.0007
insertPoints , 0.79562
findPointsRtree , 0.00087
insertPoints , 0.83801
findPointsRtree , 0.00071
insertPoints , 0.86396
findPointsRtree , 0.00089
insertPoints , 1.10809
findPointsRtree , 0.00094
insertPoints , 1.07144
findPointsRtree , 0.00136
insertPoints , 1.21008
findPointsRtree , 0.001
insertPoints , 0.8934
findPointsRtree , 0.00131
insertPoints , 0.91251
findPointsRtree , 0.00098
insertPoints , 1.16691
findPointsRtree , 0.0009
insertPoints , 0.96915
findPointsRtree , 0.00121
insertPoints , 1.13345
findPointsRtree , 0.00093
insertPoints , 1.23862
findPointsRtree , 0.00076
insertPoints , 1.51027
findPointsRtree , 0.00155
insertPoints , 1.31284
findPointsRtree , 0.00076
insertPoints , 1.53629
findPointsRtree , 0.00089
insertPoints , 1.1645
findPointsRtree , 0.00143
insertPoints , 1.02912
findPointsRtree , 0.00149
insertPoints , 0.96382
findPointsRtree , 0.00084
insertPoints , 0.91595
findPointsRtree , 0.00071
insertPoints , 0.74713
findPointsRtree , 0.00074
insertPoints , 0.78595
findPointsRtree , 0.00074
insertPoints , 0.79479
findPointsRtree , 0.00099
insertPoints , 0.71602
findPointsRtree , 0.00078
insertPoints , 0.81115
findPointsRtree , 0.0008
insertPoints , 0.84666
findPointsRtree , 0.00143
insertPoints , 0.88774
findPointsRtree , 0.00075
insertPoints , 0.82045
findPointsRtree , 0.00111
insertPoints , 0.71283
findPointsRtree , 0.001
insertPoints , 0.79384
findPointsRtree , 0.00099
insertPoints , 1.0078
findPointsRtree , 0.0007
insertPoints , 1.25911
findPointsRtree , 0.00115
insertPoints , 0.99093
findPointsRtree , 0.00132
insertPoints , 0.88908
findPointsRtree , 0.00077
insertPoints , 0.66659
findPointsRtree , 0.00075
insertPoints , 0.64963
findPointsRtree , 0.00087
insertPoints , 0.91166
findPointsRtree , 0.00117
insertPoints , 0.89197
findPointsRtree , 0.00186
insertPoints , 0.86653
findPointsRtree , 0.00073
insertPoints , 0.96734
findPointsRtree , 0.0007
insertPoints , 1.01116
findPointsRtree , 0.00112
insertPoints , 0.92377
findPointsRtree , 0.00075
insertPoints , 0.80359
findPointsRtree , 0.00149
insertPoints , 0.69239
findPointsRtree , 0.00072
insertPoints , 0.77656
findPointsRtree , 0.00066
insertPoints , 0.70741
findPointsRtree , 0.00064
insertPoints , 0.72169
findPointsRtree , 0.00076
insertPoints , 0.73906
findPointsRtree , 0.00083
insertPoints , 0.82265
findPointsRtree , 0.00128
insertPoints , 0.74988
findPointsRtree , 0.00095
insertPoints , 0.99723
findPointsRtree , 0.00072
insertPoints , 0.90248
findPointsRtree , 0.00082
insertPoints , 1.04902
findPointsRtree , 0.00115
insertPoints , 0.91114
findPointsRtree , 0.00123
insertPoints , 1.1265
findPointsRtree , 0.00099
insertPoints , 0.88095
findPointsRtree , 0.00069
insertPoints , 0.74062
findPointsRtree , 0.00139
insertPoints , 0.72068
findPointsRtree , 0.00282
insertPoints , 0.65062
findPointsRtree , 0.0011
insertPoints , 0.78827
findPointsRtree , 0.00077
insertPoints , 0.89438
findPointsRtree , 0.00071
insertPoints , 0.68973
findPointsRtree , 0.00077
insertPoints , 0.72199
findPointsRtree , 0.00071
insertPoints , 0.68525
findPointsRtree , 0.00075
insertPoints , 0.81263
findPointsRtree , 0.00071
insertPoints , 0.97764
findPointsRtree , 0.00081
insertPoints , 0.74071
findPointsRtree , 0.00074
insertPoints , 0.25326
findPointsRtree , 0.00133
insertPoints , 0.36273
findPointsRtree , 0.00051
insertPoints , 0.45688
findPointsRtree , 0.00057
insertPoints , 0.39673
findPointsRtree , 0.00045
insertPoints , 0.50111
findPointsRtree , 0.00054
insertPoints , 0.50756
findPointsRtree , 0.00047
insertPoints , 0.51983
findPointsRtree , 0.00051
insertPoints , 0.52571
findPointsRtree , 0.00067
insertPoints , 0.50391
findPointsRtree , 0.00054
insertPoints , 0.51287
findPointsRtree , 0.00067
insertPoints , 0.61702
findPointsRtree , 0.00048
insertPoints , 0.49833
findPointsRtree , 0.0005
insertPoints , 0.66091
findPointsRtree , 0.0007
insertPoints , 0.45636
findPointsRtree , 0.00051
insertPoints , 0.67452
findPointsRtree , 0.00055
insertPoints , 0.35537
findPointsRtree , 0.00082
insertPoints , 0.78349
findPointsRtree , 0.00048
insertPoints , 0.34362
findPointsRtree , 0.00053
insertPoints , 0.35105
findPointsRtree , 0.00061
insertPoints , 0.36503
findPointsRtree , 0.00051
insertPoints , 0.75558
findPointsRtree , 0.00067
insertPoints , 0.43516
findPointsRtree , 0.00111
insertPoints , 0.42185
findPointsRtree , 0.00059
insertPoints , 0.43065
findPointsRtree , 0.00058
insertPoints , 0.42439
findPointsRtree , 0.00051
insertPoints , 1.52247
findPointsRtree , 0.00051
insertPoints , 0.44594
findPointsRtree , 0.00051
insertPoints , 0.38322
findPointsRtree , 0.00056
insertPoints , 0.39619
findPointsRtree , 0.00051
insertPoints , 0.39244
findPointsRtree , 0.00053
insertPoints , 0.39662
findPointsRtree , 0.00049
insertPoints , 0.41704
findPointsRtree , 0.00051
insertPoints , 0.37927
findPointsRtree , 0.0005
insertPoints , 1.46745
findPointsRtree , 0.0005
insertPoints , 0.38038
findPointsRtree , 0.00048
insertPoints , 0.37283
findPointsRtree , 0.0005
insertPoints , 0.39387
findPointsRtree , 0.00049
insertPoints , 0.45228
findPointsRtree , 0.00051
insertPoints , 0.3792
findPointsRtree , 0.00053
insertPoints , 0.40291
findPointsRtree , 0.00057
insertPoints , 0.44344
findPointsRtree , 0.00056
insertPoints , 0.38433
findPointsRtree , 0.00048
insertPoints , 0.42043
findPointsRtree , 0.00048
insertPoints , 0.39725
findPointsRtree , 0.00052
insertPoints , 0.45434
findPointsRtree , 0.00051
insertPoints , 0.4079
findPointsRtree , 0.0005
insertPoints , 0.49538
findPointsRtree , 0.00054
insertPoints , 0.48087
findPointsRtree , 0.00057
insertPoints , 0.42895
findPointsRtree , 0.0009
insertPoints , 0.46525
findPointsRtree , 0.00058
insertPoints , 1.53958
findPointsRtree , 0.0005
insertPoints , 0.39654
findPointsRtree , 0.00052
insertPoints , 0.40984
findPointsRtree , 0.00062
insertPoints , 0.64714
findPointsRtree , 0.00059
insertPoints , 0.42432
findPointsRtree , 0.0005
insertPoints , 0.39221
findPointsRtree , 0.0005
insertPoints , 0.49627
findPointsRtree , 0.00055
insertPoints , 0.42168
findPointsRtree , 0.00057
insertPoints , 0.43646
findPointsRtree , 0.00069
insertPoints , 0.4163
findPointsRtree , 0.00053
insertPoints , 0.38183
findPointsRtree , 0.00056
insertPoints , 0.44818
findPointsRtree , 0.00049
insertPoints , 0.44591
findPointsRtree , 0.00054
insertPoints , 0.56646
findPointsRtree , 0.00049
insertPoints , 0.50053
findPointsRtree , 0.0005
insertPoints , 0.45682
findPointsRtree , 0.00051
insertPoints , 0.54561
findPointsRtree , 0.00064
insertPoints , 0.57898
findPointsRtree , 0.00062
insertPoints , 0.45248
findPointsRtree , 0.00051
insertPoints , 0.55609
findPointsRtree , 0.00051
insertPoints , 0.5268
findPointsRtree , 0.00069
insertPoints , 0.49728
findPointsRtree , 0.00055
insertPoints , 0.53683
findPointsRtree , 0.00064
insertPoints , 0.73896
findPointsRtree , 0.00051
insertPoints , 0.71028
findPointsRtree , 0.00051
insertPoints , 0.75527
findPointsRtree , 0.00052
insertPoints , 0.61801
findPointsRtree , 0.00054
insertPoints , 0.56128
findPointsRtree , 0.00057
insertPoints , 0.65928
findPointsRtree , 0.00062
insertPoints , 0.49092
findPointsRtree , 0.00059
insertPoints , 0.51106
findPointsRtree , 0.00051
insertPoints , 0.46048
findPointsRtree , 0.00051
insertPoints , 0.51217
findPointsRtree , 0.00052
insertPoints , 0.52667
findPointsRtree , 0.00052
insertPoints , 0.45099
findPointsRtree , 0.00052
insertPoints , 0.45984
findPointsRtree , 0.00057
insertPoints , 0.46863
findPointsRtree , 0.00051
insertPoints , 0.53233
findPointsRtree , 0.00052
insertPoints , 0.46252
findPointsRtree , 0.00056
insertPoints , 0.48596
findPointsRtree , 0.00052
insertPoints , 0.50526
findPointsRtree , 0.00053
insertPoints , 0.56366
findPointsRtree , 0.00061
insertPoints , 0.54192
findPointsRtree , 0.00052
insertPoints , 0.64114
findPointsRtree , 0.00053
insertPoints , 0.68569
findPointsRtree , 0.00053
insertPoints , 0.47488
findPointsRtree , 0.00049
insertPoints , 0.58826
findPointsRtree , 0.00059
insertPoints , 0.52981
findPointsRtree , 0.00052
insertPoints , 0.53237
findPointsRtree , 0.00063
insertPoints , 0.4647
findPointsRtree , 0.00051
insertPoints , 0.90991
findPointsRtree , 0.0005
insertPoints , 0.43083
findPointsRtree , 0.00052
insertPoints , 0.52674
findPointsRtree , 0.00052
insertPoints , 0.54248
findPointsRtree , 0.0005
insertPoints , 0.52875
findPointsRtree , 0.00056
insertPoints , 0.60395
findPointsRtree , 0.00055
insertPoints , 0.5322
findPointsRtree , 0.00051
insertPoints , 0.53112
findPointsRtree , 0.00052
insertPoints , 0.4931
findPointsRtree , 0.00056
insertPoints , 0.41906
findPointsRtree , 0.00052
insertPoints , 0.44761
insertPoints , 0.26044
findPointsRtree , 0.00113
insertPoints , 0.3378
findPointsRtree , 0.00051
insertPoints , 0.45285
findPointsRtree , 0.00051
insertPoints , 0.3985
findPointsRtree , 0.00046
insertPoints , 0.49745
findPointsRtree , 0.00047
insertPoints , 0.51151
findPointsRtree , 0.00061
insertPoints , 0.51278
findPointsRtree , 0.0011
insertPoints , 0.47578
findPointsRtree , 0.00061
insertPoints , 0.41388
findPointsRtree , 0.0005
insertPoints , 0.43885
findPointsRtree , 0.00049
insertPoints , 0.5647
findPointsRtree , 0.00047
insertPoints , 0.50931
findPointsRtree , 0.00051
insertPoints , 0.65898
findPointsRtree , 0.00051
insertPoints , 0.43082
findPointsRtree , 0.00064
insertPoints , 0.79772
findPointsRtree , 0.00057
insertPoints , 0.34364
findPointsRtree , 0.00056
insertPoints , 0.73798
findPointsRtree , 0.00051
insertPoints , 0.34492
findPointsRtree , 0.0005
insertPoints , 0.33936
findPointsRtree , 0.00053
insertPoints , 0.36757
findPointsRtree , 0.00057
insertPoints , 0.83021
findPointsRtree , 0.0005
insertPoints , 0.38858
findPointsRtree , 0.00055
insertPoints , 0.36096
findPointsRtree , 0.00051
insertPoints , 0.37324
findPointsRtree , 0.00058
insertPoints , 0.3834
findPointsRtree , 0.0006
insertPoints , 1.33196
findPointsRtree , 0.00052
insertPoints , 0.46719
findPointsRtree , 0.00053
insertPoints , 0.40176
findPointsRtree , 0.00054
insertPoints , 0.40142
findPointsRtree , 0.00071
insertPoints , 0.41456
findPointsRtree , 0.00054
insertPoints , 0.41989
findPointsRtree , 0.00055
insertPoints , 0.4176
findPointsRtree , 0.00052
insertPoints , 0.39239
findPointsRtree , 0.00056
insertPoints , 1.46943
findPointsRtree , 0.00049
insertPoints , 0.38214
findPointsRtree , 0.00061
insertPoints , 0.4343
findPointsRtree , 0.00058
insertPoints , 0.45185
findPointsRtree , 0.00057
insertPoints , 0.46938
findPointsRtree , 0.0005
insertPoints , 0.40545
findPointsRtree , 0.00062
insertPoints , 0.45816
findPointsRtree , 0.00055
insertPoints , 0.45483
findPointsRtree , 0.00052
insertPoints , 0.38026
findPointsRtree , 0.00049
insertPoints , 0.41351
findPointsRtree , 0.00052
insertPoints , 0.39476
findPointsRtree , 0.00051
insertPoints , 0.44289
findPointsRtree , 0.00053
insertPoints , 0.39858
findPointsRtree , 0.00053
insertPoints , 0.48161
findPointsRtree , 0.00049
insertPoints , 0.45476
findPointsRtree , 0.00052
insertPoints , 0.4286
findPointsRtree , 0.00052
insertPoints , 0.43764
findPointsRtree , 0.00055
insertPoints , 1.48725
findPointsRtree , 0.00049
insertPoints , 0.39673
findPointsRtree , 0.00051
insertPoints , 0.41577
findPointsRtree , 0.00055
insertPoints , 0.65943
findPointsRtree , 0.0005
insertPoints , 0.4258
findPointsRtree , 0.0005
insertPoints , 0.39541
findPointsRtree , 0.00059
insertPoints , 0.46467
findPointsRtree , 0.00052
insertPoints , 0.35975
findPointsRtree , 0.00051
insertPoints , 0.38495
findPointsRtree , 0.00051
insertPoints , 0.37429
findPointsRtree , 0.00052
insertPoints , 0.38192
findPointsRtree , 0.00113
insertPoints , 0.43357
findPointsRtree , 0.0005
insertPoints , 0.41394
findPointsRtree , 0.00056
insertPoints , 0.54079
findPointsRtree , 0.00052
insertPoints , 0.4937
findPointsRtree , 0.00052
insertPoints , 0.45828
findPointsRtree , 0.00051
insertPoints , 0.541
findPointsRtree , 0.00051
insertPoints , 0.50943
findPointsRtree , 0.00051
insertPoints , 0.45118
findPointsRtree , 0.00054
insertPoints , 0.54008
findPointsRtree , 0.00051
insertPoints , 0.46127
findPointsRtree , 0.00057
insertPoints , 0.41261
findPointsRtree , 0.00054
insertPoints , 0.46698
findPointsRtree , 0.00073
insertPoints , 0.71805
findPointsRtree , 0.00054
insertPoints , 0.671
findPointsRtree , 0.00052
insertPoints , 0.26598
findPointsRtree , 0.00128
insertPoints , 0.33238
findPointsRtree , 0.00057
insertPoints , 0.44591
findPointsRtree , 0.00058
insertPoints , 0.41361
findPointsRtree , 0.00053
insertPoints , 0.54524
findPointsRtree , 0.00052
insertPoints , 0.52194
findPointsRtree , 0.00049
insertPoints , 0.51698
findPointsRtree , 0.00048
insertPoints , 0.47722
findPointsRtree , 0.00049
insertPoints , 0.42543
findPointsRtree , 0.00054
insertPoints , 0.46156
findPointsRtree , 0.00045
